alias,canonico
(LH) VALENCIA,(Lh) Valencia
0FIC. DTT0. EL VIGIA,0Fic. Dtt0. El Vigia
19 DE ABRIL,19 De Abril
19 DE ABRIL CABIMAS,19 De Abril Cabimas
A NIVEL NCIONAL,A Nivel Ncional
ACARIGUA,Acarigua
ADICORA,Adicora
ALCALDIA BOLIVARIANA DEL ORINICO,Alcaldia Bolivariana Del Orinico
ALCALDIA DE ARISMENDI,Alcaldia De Arismendi
ALCALDIA DE CORDOBA,Alcaldia De Cordoba
ALCALDIA DE SAN CRISTOBAL,Alcaldia De San Cristobal
ALCALDIA DE SAN LUIS,Alcaldia De San Luis
ALFAMAT,Alfamat
ALGIMIRO GABALDON,Algimiro Gabaldon
ALMACEN,Almacen
ALMACEN (PLANTA CENTRO),Almacen (Planta Centro)
ALMACEN CARABOBO,Almacen Carabobo
ALMACEN CHACAO,Almacen Chacao
ALMACEN DARA,Almacen Dara
ALMACEN DE CHATARRA,Almacen De Chatarra
ALMACEN EL BOSQUE,Almacen El Bosque
ALMACEN GT II,Almacen Gt Ii
ALMACEN LA YAGUARA,Almacen La Yaguara
ALMACEN LOS GUAYOS,Almacen Los Guayos
ALMACEN LOS MONTONES,Almacen Los Montones
ALMACEN MICHELENA,Almacen Michelena
ALMACEN NODAL ACARIGUA (DPOA),Almacen Nodal Acarigua (Dpoa)
ALMACEN SECUNDARIO,Almacen Secundario
ALMACEN TACHIRA,Almacen Tachira
ALTAGRACIA DE ORITUCO,Altagracia De Orituco
ALUMBRADO PUBLICO,Alumbrado Publico
"AMBIENTE, SEGURIDAD E HIGIENE OCUPACIONAL","Ambiente, Seguridad E Higiene Ocupacional"
ANACO,Anaco
ANTIGUA SEDE ELEBOL,Antigua Sede Elebol
ANZOATEGUI,Anzoategui
APURE,Apure
ARACOY,Aracoy
ARAGUA,Aragua
ARENOSA 765,Arenosa 765
ASAMBLEA NACIONAL,Asamblea Nacional
ASHO,Asho
ASHO PLANTA PEÑA LARGA,Asho Planta Peña Larga
ASISTENCIA TECNICA,Asistencia Tecnica
ATENCION ESPECIALIZADA SAN FERNANDO,Atencion Especializada San Fernando
AUDITORIA INTERNA,Auditoria Interna
AV BOLIVAR LAGUNILLAS FRENTE A LA PLAZA BOLIVAR,Av Bolivar Lagunillas Frente A La Plaza Bolivar
AV. BOLIVAR LAGUNILLAS FRENTE A LA PLAZA BOLIVAR,Av. Bolivar Lagunillas Frente A La Plaza Bolivar
AVERIAS ELORZA,Averias Elorza
Almacen DARA,Almacen Dara
BARALT,Baralt
BARBACOA I,Barbacoa I
BARINAS,Barinas
BCEI CARUACHI,Bcei Caruachi
BEJUMA - MONTALBAN - MIRANDA,Bejuma - Montalban - Miranda
BETIJOQUE,Betijoque
BIRUACA,Biruaca
BOCONO,Bocono
BOLIVAR,Bolivar
BOLIVAR-UREÑA,Bolivar-Ureña
BUENA VISTA,Buena Vista
Belenzate calle la matica,Belenzate Calle La Matica
C. CUMANA,C. Cumana
C.A. CUMANA,C.A. Cumana
C.A.R,C.A.R
C.S. SAN FERNANDO,C.S. San Fernando
C.S/CHACAO,C.S/Chacao
C/S BARBECH0,C/S Barbech0
C/S CAÑO ZANCUDO,C/S Caño Zancudo
C/S CHACAO,C/S Chacao
C/S CHACAO ALMACEN,C/S Chacao Almacen
C/S CHARALLAVE,C/S Charallave
C/S EL BARBECHO,C/S El Barbecho
C/S GUANAPE,C/S Guanape
C/S GUARENAS GUATIRE,C/S Guarenas Guatire
C/S HIGUEROTE,C/S Higuerote
C/S INDEPENDENCIA,C/S Independencia
C/S LA YAGUARA,C/S La Yaguara
C/S METROPOLITANO,C/S Metropolitano
C/S NIRGUA,C/S Nirgua
C/S PANAMERICANO,C/S Panamericano
C/S SANTA TERESA,C/S Santa Teresa
C/S Urdaneta,C/S Urdaneta
C/S panamericano,C/S Panamericano
C/S panamericano el vigia estado merida,C/S Panamericano El Vigia Estado Merida
CABIMAS,Cabimas
CABUDARE,Cabudare
CAGUA,Cagua
CAICARA,Caicara
CAJA SECA,Caja Seca
CALABOZO,Calabozo
CALLE 16 ENTRE AV. 2 Y 3 MERIDA,Calle 16 Entre Av. 2 Y 3 Merida
CALLE INDEPENDECIA SANTO DOMINGO,Calle Independecia Santo Domingo
CALLE INDEPENDENCIA A MUCUCHIES,Calle Independencia A Mucuchies
CALLE INDEPENDENCIA SANTO DOMINGO,Calle Independencia Santo Domingo
CALLE LA MATICA URB. BELENZATE,Calle La Matica Urb. Belenzate
CALLE LA PLANTA – TUCUPITA,Calle La Planta – Tucupita
CAMAGUAN,Camaguan
CAMPAMENTO BASICO SANTA MARIA DE CAPARO,Campamento Basico Santa Maria De Caparo
CAMPAMENTO GURI,Campamento Guri
CAMPAMENTO MACAGUA,Campamento Macagua
CANAIMA,Canaima
CANTON,Canton
CAPITAL,Capital
CAPITAL- CALIDAD DE APOYO A EDC NETWORK,Capital- Calidad De Apoyo A Edc Network
CARABOBO,Carabobo
CARACAS,Caracas
CARACAS EN LA GERENCIA DE ASHO,Caracas En La Gerencia De Asho
CARACHE,Carache
CARIPE,Caripe
CARIPITO/ MUNICIPIO BOLIVAR,Caripito/ Municipio Bolivar
CARLOS ARVELO,Carlos Arvelo
CARORA,Carora
CARUACHI,Caruachi
CASIGUA,Casigua
CAUAJARITO (ZULIA),Cauajarito (Zulia)
CAÑADA DE URDANETA,Cañada De Urdaneta
CD BOLIVAR,Cd Bolivar
CD. BOLIVAR,Cd. Bolivar
CED SUCRE,Ced Sucre
CENTR0 DE SERVICI0 GUANAPE,Centr0 De Servici0 Guanape
CENTRAL HIDROELECTRICA,Central Hidroelectrica
CENTRAL HIDROELECTRICA FABRICIO OJEDA,Central Hidroelectrica Fabricio Ojeda
CENTRAL HIDROELECTRICA LEONARDO RUIZ PINEDA,Central Hidroelectrica Leonardo Ruiz Pineda
CENTRAL HIDROELECTRICA SAN AGATON,Central Hidroelectrica San Agaton
CENTRO ADMINISTRATIVO PUERTO AYACUCHO,Centro Administrativo Puerto Ayacucho
CENTRO DE DISTRIBUCIÓN SAN CARLOS,Centro De Distribución San Carlos
CENTRO DE MANTENIMIENTO MACAGUA,Centro De Mantenimiento Macagua
CENTRO DE OPERACIONES CAUJARITO,Centro De Operaciones Caujarito
CENTRO DE OPERACIONES MAGUAPA,Centro De Operaciones Maguapa
CENTRO DE SERV. TUREN,Centro De Serv. Turen
CENTRO DE SERVICIO ACARIGUA,Centro De Servicio Acarigua
CENTRO DE SERVICIO BARBECHO,Centro De Servicio Barbecho
CENTRO DE SERVICIO BISCUCUY,Centro De Servicio Biscucuy
CENTRO DE SERVICIO CAHACAO,Centro De Servicio Cahacao
CENTRO DE SERVICIO CAPITAL,Centro De Servicio Capital
CENTRO DE SERVICIO CHACAO,Centro De Servicio Chacao
CENTRO DE SERVICIO CHARALLAVE,Centro De Servicio Charallave
CENTRO DE SERVICIO CHICHIRIVICHE,Centro De Servicio Chichiriviche
CENTRO DE SERVICIO CONVENTO,Centro De Servicio Convento
CENTRO DE SERVICIO CUA,Centro De Servicio Cua
CENTRO DE SERVICIO EL BARBECHO,Centro De Servicio El Barbecho
CENTRO DE SERVICIO EL CONVENTO CARACAS,Centro De Servicio El Convento Caracas
CENTRO DE SERVICIO EL TIGRE,Centro De Servicio El Tigre
CENTRO DE SERVICIO GUANAPE,Centro De Servicio Guanape
CENTRO DE SERVICIO GUANARE,Centro De Servicio Guanare
CENTRO DE SERVICIO GUANARE - GUANARITO,Centro De Servicio Guanare - Guanarito
CENTRO DE SERVICIO GUARENAS,Centro De Servicio Guarenas
CENTRO DE SERVICIO GUARENAS GUATIRE,Centro De Servicio Guarenas Guatire
CENTRO DE SERVICIO GUARENAS-GUATIRE,Centro De Servicio Guarenas-Guatire
CENTRO DE SERVICIO HIGUEROTE,Centro De Servicio Higuerote
CENTRO DE SERVICIO LA YAGUARA,Centro De Servicio La Yaguara
CENTRO DE SERVICIO METROPOLITANO,Centro De Servicio Metropolitano
CENTRO DE SERVICIO PALA VECINO,Centro De Servicio Pala Vecino
CENTRO DE SERVICIO PALAVECINO,Centro De Servicio Palavecino
CENTRO DE SERVICIO RIO CHICO,Centro De Servicio Rio Chico
CENTRO DE SERVICIO SAN ANTONIO,Centro De Servicio San Antonio
CENTRO DE SERVICIO SAN FELIPE,Centro De Servicio San Felipe
CENTRO DE SERVICIO SAN LORENZO,Centro De Servicio San Lorenzo
CENTRO DE SERVICIO SANTA TERESA,Centro De Servicio Santa Teresa
CENTRO DE SERVICIO SANTA TERESAIII,Centro De Servicio Santa Teresaiii
CENTRO DE SERVICIO TUREN,Centro De Servicio Turen
CENTRO DE SERVICIO VALENCIA SUR,Centro De Servicio Valencia Sur
CENTRO DE SERVICIOS CAUCAGUA,Centro De Servicios Caucagua
CENTRO DE SERVICIOS CHACAO,Centro De Servicios Chacao
CENTRO DE SERVICIOS ELEGGUA,Centro De Servicios Eleggua
CENTRO DE SERVICIOS ELEGGUA MIRANDA,Centro De Servicios Eleggua Miranda
CENTRO DE SERVICIOS EZEQUIEL ZAMORA,Centro De Servicios Ezequiel Zamora
CENTRO DE SERVICIOS GUARENAS GUATIRE,Centro De Servicios Guarenas Guatire
CENTRO DE SERVICIOS METROPOLITANO,Centro De Servicios Metropolitano
CENTRO DE SERVICIOS NUEVA BOLIVIA,Centro De Servicios Nueva Bolivia
CENTRO DE SERVICIOS RIO CHICO,Centro De Servicios Rio Chico
CENTRO DE SERVICIOS SABANETA,Centro De Servicios Sabaneta
CENTRO DE SERVICO CONVENTO,Centro De Servico Convento
CENTRO DE SERVICOS CHACAO,Centro De Servicos Chacao
CENTRO DE SRVICIOS ELEGGUA,Centro De Srvicios Eleggua
CENTRO ESTADAL DE DESPACHO PORTUGUESA,Centro Estadal De Despacho Portuguesa
CENTRO SUR (ZULIA),Centro Sur (Zulia)
CG ISLA DE COCHE,Cg Isla De Coche
CG JUAN BAUTISTA,Cg Juan Bautista
CG JUAN BAUTISTA ARISMENDI,Cg Juan Bautista Arismendi
CG LUISA CACERES,Cg Luisa Caceres
CG LUISA CACERES ARISMENDI,Cg Luisa Caceres Arismendi
CG PLANTA COCHE,Cg Planta Coche
CH FABRICIO OJEDA,Ch Fabricio Ojeda
CH LEONARDO RUIZ PINEDA,Ch Leonardo Ruiz Pineda
CHACAO,Chacao
CIAU ACARIGUA,Ciau Acarigua
CIAU ANACO,Ciau Anaco
CIAU BARCELONA I,Ciau Barcelona I
CIAU BARCELONA II,Ciau Barcelona Ii
CIAU BARINAS I,Ciau Barinas I
CIAU BARINITAS,Ciau Barinitas
CIAU BISCUCUY,Ciau Biscucuy
CIAU BOCA DE RIO,Ciau Boca De Rio
CIAU BOCONO,Ciau Bocono
CIAU CAJA SECA,Ciau Caja Seca
CIAU CANAGUA,Ciau Canagua
CIAU CAPACHO,Ciau Capacho
CIAU CAÑO ZANCUDO,Ciau Caño Zancudo
CIAU CAÑO ZANCUDO SANTA ELELNA DE ARENALES NO. 3-38,Ciau Caño Zancudo Santa Elelna De Arenales No. 3-38
CIAU CLARINES,Ciau Clarines
CIAU COLON,Ciau Colon
CIAU COLONCITO,Ciau Coloncito
CIAU EJIDO,Ciau Ejido
CIAU EL CANTON,Ciau El Canton
CIAU EL MORRO,Ciau El Morro
CIAU EL PIÑAL,Ciau El Piñal
CIAU EL TIGRE,Ciau El Tigre
CIAU EL TIGRITO,Ciau El Tigrito
CIAU EL VIGÍA,Ciau El Vigía
CIAU GUANARE,Ciau Guanare
CIAU JUAN GRIEGO,Ciau Juan Griego
CIAU LA ASUNCION,Ciau La Asuncion
CIAU LA FRIA,Ciau La Fria
CIAU LA GRITA,Ciau La Grita
CIAU LA PEDRERA,Ciau La Pedrera
CIAU LAGUNILLAS,Ciau Lagunillas
CIAU MUCUCHIES,Ciau Mucuchies
CIAU Mucuchies,Ciau Mucuchies
CIAU PAMPATAR,Ciau Pampatar
CIAU PORLAMAR,Ciau Porlamar
CIAU PREGONERO,Ciau Pregonero
CIAU PUERTO LA CRUZ,Ciau Puerto La Cruz
CIAU QUENIQUEA,Ciau Queniquea
CIAU RUBIO,Ciau Rubio
CIAU SAB MENDOZA,Ciau Sab Mendoza
CIAU SAN ANTONIO,Ciau San Antonio
CIAU SAN CRSITOBAL III,Ciau San Crsitobal Iii
CIAU SANTA ANA,Ciau Santa Ana
CIAU SANTO  DOMINGO,Ciau Santo  Domingo
CIAU TARIBA,Ciau Tariba
CIAU UREÑA,Ciau Ureña
CIAU VIGIA,Ciau Vigia
CIAU VILLA ROSA,Ciau Villa Rosa
CIAU.STA. BARBARA,Ciau.Sta. Barbara
CIUDAD BOLIVAR,Ciudad Bolivar
CIUDAD NUTRIA,Ciudad Nutria
CIUDAD PIAR,Ciudad Piar
CND,Cnd
COLON,Colon
COLONCITO-LA TENDIDA,Coloncito-La Tendida
COLONIA TOVAR,Colonia Tovar
COMANDO DE LA GUARDIA,Comando De La Guardia
COMANDO DE LA GUARDIA MACAGUA.,Comando De La Guardia Macagua.
COMERCIAL,Comercial
COMERCIAL BIRUACA,Comercial Biruaca
COMERCIAL ELORZA,Comercial Elorza
COMERCIAL GUASDUALITO,Comercial Guasdualito
COMERCIAL MANTECAL,Comercial Mantecal
COMERCIAL SAN FERNANDO,Comercial San Fernando
COMERCIAL TORRE 4,Comercial Torre 4
COMERCIALIZACION,Comercializacion
COMERCIALSAN FERNANDO,Comercialsan Fernando
COMPLEJO GENERADOR JOSEFA JOAQUINA SANCHEZ BASTIDAS TACOA,Complejo Generador Josefa Joaquina Sanchez Bastidas Tacoa
COMPLEJO GENERADOR JOSEFA JOAQUINA SÁNCHEZ BASTIDAS,Complejo Generador Josefa Joaquina Sánchez Bastidas
CONCEPCION,Concepcion
CONSULT. JURIDICA,Consult. Juridica
CONVENTO,Convento
COORD. DE TRANSMISION,Coord. De Transmision
COORD. DPTO. OPERATIVO CONTROL OPERATIVO COMERCIAL,Coord. Dpto. Operativo Control Operativo Comercial
COORDINACION DE ATENCION AL PUBLICO Y OPERATIVA COMERCIAL CS TP C SAN FDO - APURE.,Coordinacion De Atencion Al Publico Y Operativa Comercial Cs Tp C San Fdo - Apure.
CORPOZULIA,Corpozulia
COTA (ZULIA),Cota (Zulia)
CS ANACO,Cs Anaco
CS BARQUISIMETO,Cs Barquisimeto
CS CARORA,Cs Carora
CS CHACAO,Cs Chacao
CS CLARINES,Cs Clarines
CS DUACA,Cs Duaca
CS EL TIGRE,Cs El Tigre
CS JUAN GRIEGO,Cs Juan Griego
CS JUANGRIEGO,Cs Juangriego
CS LA FRIA,Cs La Fria
CS METROPOLITANO,Cs Metropolitano
CS MORROPO,Cs Morropo
CS PALAVECINO,Cs Palavecino
CS PAMPATAR,Cs Pampatar
CS PARIAGUAN,Cs Pariaguan
CS QUIBOR TOCUYO,Cs Quibor Tocuyo
CS QUIBOR-TOCUYO,Cs Quibor-Tocuyo
CS Quibor,Cs Quibor
CS SAN ANTONIO,Cs San Antonio
CS SAN LORENSO,Cs San Lorenso
CS SAN LORENZO,Cs San Lorenzo
CS SOCOPO/CDAD BOLIVIA,Cs Socopo/Cdad Bolivia
CUARTEL DE LA MONTAÑA,Cuartel De La Montaña
CUMANA,Cumana
Cabudare,Cabudare
Calle 16 avenida 2 y 3,Calle 16 Avenida 2 Y 3
Calle 17 entre avenida 2 y 3,Calle 17 Entre Avenida 2 Y 3
Camaguan,Camaguan
Carora,Carora
Centro Servicio Quibor-tocuyo,Centro Servicio Quibor-Tocuyo
Centro de Servicio zarabon,Centro De Servicio Zarabon
Centro de servicio Independencia,Centro De Servicio Independencia
Centro de servicio churuguara,Centro De Servicio Churuguara
Centro de servicio san felipe,Centro De Servicio San Felipe
Ciau Canagua,Ciau Canagua
Ciau Tucacas,Ciau Tucacas
Ciau panamericano el vigia estado merida,Ciau Panamericano El Vigia Estado Merida
Cs Quibor tocuyo,Cs Quibor Tocuyo
Cs metropolitano los curos,Cs Metropolitano Los Curos
D.D. CUMANA,D.D. Cumana
DELTA AMACURO,Delta Amacuro
DESARROLLO,Desarrollo
DESINCORPORADO,Desincorporado
DIEKMAN / MONTEZUMA  / (LAS ACACIAS),Diekman / Montezuma  / (Las Acacias)
DIEKMAN / MONTEZUMA / (LAS ACACIAS),Diekman / Montezuma / (Las Acacias)
DIEKMAN /MONTEZUMA / LAS ACACIAS,Diekman /Montezuma / Las Acacias
DISTRIBUCION,Distribucion
DISTRIBUCION ACHAGUAS,Distribucion Achaguas
DISTRIBUCION BRUZUAL,Distribucion Bruzual
DISTRIBUCION GUASDUALITO,Distribucion Guasdualito
DISTRIBUCION MANTECAL,Distribucion Mantecal
DISTRIBUCION PEDRO CAMEJO,Distribucion Pedro Camejo
DISTRIBUCION SAN CARLOS,Distribucion San Carlos
DISTRIBUCION SAN FERNANDO,Distribucion San Fernando
DISTRIBUCION SECCION DE LINEA ARICHUNA,Distribucion Seccion De Linea Arichuna
DISTRIBUCION SECCION DE LINEAS PALMARITO,Distribucion Seccion De Lineas Palmarito
DISTRIBUIDORA FAGC (VALENCIA),Distribuidora Fagc (Valencia)
DISTRIBUIDORA HL,Distribuidora Hl
"DISTRIBUIDORA HL , ESTADO MERIDA","Distribuidora Hl , Estado Merida"
"DISTRIBUIDORA HL ,CONJUNTO INDUSTRIAL Y COMERCIAL SAN FRANCISCO GALPON N° 12 SAN CRISTOBAL ESTADO TACHIRA","Distribuidora Hl ,Conjunto Industrial Y Comercial San Francisco Galpon N° 12 San Cristobal Estado Tachira"
DISTRIBUIDORA MULTIPLE MARTINEZ (CORO),Distribuidora Multiple Martinez (Coro)
DISTRITO  CHURUGUARA,Distrito  Churuguara
DISTRITO  CORO,Distrito  Coro
DISTRITO  DABAJURO,Distrito  Dabajuro
DISTRITO  PUNTO FIJO,Distrito  Punto Fijo
DISTRITO CHURUGUARA,Distrito Churuguara
DISTRITO CORO,Distrito Coro
DISTRITO DABAJURO,Distrito Dabajuro
DISTRITO ELORZA,Distrito Elorza
DISTRITO MIRIMIRE,Distrito Mirimire
DISTRITO PTO FIJO,Distrito Pto Fijo
DISTRITO PUNTO FIJO,Distrito Punto Fijo
DISTRITO SAN CRISTOBAL,Distrito San Cristobal
DISTRITO TUCACAS,Distrito Tucacas
DISTRITOPUNTO FIJO,Distritopunto Fijo
DIV. DE ADMINISTRACION DE VEHICULOS,Div. De Administracion De Vehiculos
DIV. DE BIENES Y SERVICIOS INFRAESTRUCTURA,Div. De Bienes Y Servicios Infraestructura
DIV. DESARROLLO,Div. Desarrollo
DIVISION ADECUACION Y MEJORA HIDROELECTRICA GENERACION LOS LLANOS,Division Adecuacion Y Mejora Hidroelectrica Generacion Los Llanos
DIVISION CONTROL DE OPERACIONES,Division Control De Operaciones
DIVISION DE DESARROLLO SOCIAL,Division De Desarrollo Social
DIVISION REGIONAL,Division Regional
DIVISIÓN ESTADAL DE ATIT,División Estadal De Atit
DPTO ATC AVERIAS CS TB SAN CRISTOBAL,Dpto Atc Averias Cs Tb San Cristobal
DPTO MTTO CS TB SAN CRISTOBAL,Dpto Mtto Cs Tb San Cristobal
DTT0. MERIDA,Dtt0. Merida
DTTO LIBERTAD,Dtto Libertad
DTTO. TUCUPITA,Dtto. Tucupita
DUACA,Duaca
EDF. ZONA TACHIRA,Edf. Zona Tachira
EDIF CHINCHON,Edif Chinchon
EDIF DAMASCO,Edif Damasco
EDIF GUANIRE,Edif Guanire
EDIF MEZZANOTTE,Edif Mezzanotte
EDIF SEDE ALTAVISTA,Edif Sede Altavista
EDIF SIMON RODRIGUEZ,Edif Simon Rodriguez
EDIF. SIMON RODRIGUEZ,Edif. Simon Rodriguez
EDIFICIO DE SEDE CORPORATIVA,Edificio De Sede Corporativa
EDIFICIO GUANIRE,Edificio Guanire
EDIFICIO SEDE,Edificio Sede
EDIFICIO SEDE ALTA VISTA,Edificio Sede Alta Vista
EDIFICIO SEDE CORPORACION BARINAS,Edificio Sede Corporacion Barinas
EDIFICIO SEDE DE CORPORACION,Edificio Sede De La Corporacion
EDIFICIO SEDE SANTA TERESA (MIRANDA),Edificio Sede Santa Teresa (Miranda)
EDIFICIO SEDE Y TORRE CORPORATIVA,Edificio Sede Y Torre Corporativa
EJE COSTERO,Eje Costero
EJE COSTERO (SE ENCUENTRA EN LA GOBERNACION),Eje Costero (Se Encuentra En La Gobernacion)
EJE COSTERO - FUNSASEN,Eje Costero - Funsasen
EJID0 CALLE INDUSTRIAS,Ejid0 Calle Industrias
EL CALLAO,El Callao
EL CONVENTO,El Convento
EL MARQUES,El Marques
EL MARQUÉS,El Marqués
EL PALMAR,El Palmar
EL PINAR,El Pinar
EL PIÑAL,El Piñal
EL ROSAL,El Rosal
EL SOCORRO,El Socorro
EL SOMBRERO,El Sombrero
EL TIGRE,El Tigre
ELECTRA REPRESENTACIONES,Electra Representaciones
ELORZA,Elorza
EMPLAZAMIENTO ARISMENDI,Emplazamiento Arismendi
EN TALLER MECÁNICO MACAGUA,En Taller Mecánico Macagua
ESPINO,Espino
EST. EDIFICIO GUANIRE,Est. Edificio Guanire
EST. EL ESFUERZO- CANTAURA,Est. El Esfuerzo- Cantaura
EST.RR.HUMANOS YARITAGUA,Est.Rr.Humanos Yaritagua
ESTAC. ALCALDIA MIRIMIRE,Estac. Alcaldia Mirimire
ESTAC. TRANS. MAICILLAL,Estac. Trans. Maicillal
ESTAC. TRANSITO DABAJURO,Estac. Transito Dabajuro
ESTACION SEDE GUANIRE,Estacion Sede Guanire
ESTACIONAMIENTO ALMACEN YARITAGUA,Estacionamiento Almacen Yaritagua
ESTACIONAMIENTO CAMPENON MACAGUA,Estacionamiento Campenon Macagua
ESTACIONAMIENTO DE BOMBEROS GURI,Estacionamiento De Bomberos Guri
ESTACIONAMIENTO JUDICIAL LA REO I SAN FELIX,Estacionamiento Judicial La Reo I San Felix
ESTACIONAMIENTO JUDICIAL LA REO II UPATA,Estacionamiento Judicial La Reo Ii Upata
ESTACIONAMIENTO OFICINA AROA,Estacionamiento Oficina Aroa
ESTACIONAMIENTO OFICINA CHIVACOA,Estacionamiento Oficina Chivacoa
ESTACIONAMIENTO PLANTA TURBO GAS,Estacionamiento Planta Turbo Gas
ESTACIONAMIENTO SIMON RODRIGUEZ,Estacionamiento Simon Rodriguez
ESTACIONAMIENTO TALLER MACAGUA,Estacionamiento Taller Macagua
Edif Martins Mulder,Edif Martins Mulder
Edificio Carora,Edificio Carora
Edificio Sede,Edificio Sede
Edificio guanire,Edificio Guanire
El ROSAL,El Rosal
El rosal,El Rosal
Electro Construcciones y Representaciones  C.A Mariara Valencia,Electro Construcciones Y Representaciones  C.A Mariara Valencia
Electro Construcciones y Representaciones C.A,Electro Construcciones Y Representaciones C.A
Electro Construcciones y Representaciones C.A Mariara Valencia,Electro Construcciones Y Representaciones C.A Mariara Valencia
FALCON,Falcon
FLOTA APURE,Flota Apure
FONDO ADMINISTRADO FASMEE,Fondo Administrado Fasmee
FONDO AUTO ADMINISTRADO DE SALUD FASMEE,Fondo Auto Administrado De Salud Fasmee
FONDO AUTO ADMINISTRADO DE SALUD FASMEE “PLANTA PAEZ “,Fondo Auto Administrado De Salud Fasmee “Planta Paez “
FONDO AUTO ADMINISTRATIVO DE SALUD FASMEE,Fondo Auto Administrativo De Salud Fasmee
FUERTE TIUNA,Fuerte Tiuna
G.P. CUMANA,G.P. Cumana
G.R.H. CUMANA,G.R.H. Cumana
GALPON DE DISTRITO CORPORACION TUCUPITA DELTA AMACURO,Galpon De Distrito Tucupita Delta Amacuro
GALPON TUCUPITA,Galpon Tucupita
GENERACION,Generacion
GENERACION ESTADAL TERMOELECTRICA PLATA SANTA INES,Generacion Estadal Termoelectrica Plata Santa Ines
GERENCIA AUTOMATIZACION DE LA INFORMACION Y TECNOLOGIA,Gerencia Automatizacion De La Informacion Y Tecnologia
GERENCIA BIENES Y SERVICIOS,Gerencia Bienes Y Servicios
GERENCIA BRIGADA DE CONTROL DE INCENDIOS,Gerencia Brigada De Control De Incendios
GERENCIA CENTRO ESTADAL DE DESPACHO,Gerencia Centro Estadal De Despacho
GERENCIA COMERCIALIZACION,Gerencia Comercializacion
"GERENCIA DE AMBIENTE, SEGURIDAD E HIGIENE OCUPACIONAL","Gerencia De Ambiente, Seguridad E Higiene Ocupacional"
GERENCIA DE BRIGADA DE CONTROL DE INCENDIOS,Gerencia De Brigada De Control De Incendios
GERENCIA DE DISRTRIBUCION,Gerencia De Disrtribucion
GERENCIA DE DISTRIBUCION,Gerencia De Distribucion
GERENCIA DE FISCALIZACION ESTADAL MPPEE,Gerencia De Fiscalizacion Estadal Mppee
GERENCIA DE FUENTES AlTERNAS Y USO RACIONAL Y EFICIENTE DE LA ENERGIA,Gerencia De Fuentes Alternas Y Uso Racional Y Eficiente De La Energia
GERENCIA DE PLANIFICACION DE DISTRUBICION DE REDES,Gerencia De Planificacion De Distrubicion De Redes
GERENCIA DEL CENTRO DE SERVICIOS SOCOPO,Gerencia Del Centro De Servicios Socopo
GERENCIA DISTRIBUCION,Gerencia Distribucion
"GERENCIA ESTADAL AMBIENTE, SEGURIDAD E HIGIENE OCUPACIONAL (ASHO)","Gerencia Estadal Ambiente, Seguridad E Higiene Ocupacional (Asho)"
GERENCIA ESTADAL BIENES Y SERVICIOS,Gerencia Estadal Bienes Y Servicios
"GERENCIA ESTADAL DE AMBIENTE, SEGURIDAD E HIGIENE OCUPACIONAL","Gerencia Estadal De Ambiente, Seguridad E Higiene Ocupacional"
GERENCIA ESTADAL DE ATENCION AL CIUDADANO,Gerencia Estadal De Atencion Al Ciudadano
GERENCIA ESTADAL DE AUTOMATIZACION DE LA INFORMACION Y TECNOLOGIA,Gerencia Estadal De Automatizacion De La Informacion Y Tecnologia
GERENCIA ESTADAL DE AUTOMATIZACION DE LA INFORMACION Y TECNOLOGIA (ATIT),Gerencia Estadal De Automatizacion De La Informacion Y Tecnologia (Atit)
GERENCIA ESTADAL DE BIENES Y SERVICIOS,Gerencia Estadal De Bienes Y Servicios
GERENCIA ESTADAL DE BIENES Y SERVICIOS PORTUGUESA,Gerencia Estadal De Bienes Y Servicios Portuguesa
GERENCIA ESTADAL DE BIENES Y SERVICIOS SEDE CUMANA,Gerencia Estadal De Bienes Y Servicios Sede Cumana
GERENCIA ESTADAL DE COMERCIALIZACION,Gerencia Estadal De Comercializacion
GERENCIA ESTADAL DE COMERCIALIZACION CARIACO-CASANAY,Gerencia Estadal De Comercializacion Cariaco-Casanay
GERENCIA ESTADAL DE COMERCIALIZACION CARUPANO,Gerencia Estadal De Comercializacion Carupano
GERENCIA ESTADAL DE COMERCIALIZACION COMERCIAL,Gerencia Estadal De Comercializacion Comercial
GERENCIA ESTADAL DE COMERCIALIZACION CUMANACOA,Gerencia Estadal De Comercializacion Cumanacoa
GERENCIA ESTADAL DE COMERCIALIZACION SEDE CUMANA,Gerencia Estadal De Comercializacion Sede Cumana
GERENCIA ESTADAL DE COMERCIALIZACION SESE CUMANA,Gerencia Estadal De Comercializacion Sese Cumana
GERENCIA ESTADAL DE COMERCIALIZACIÓN,Gerencia Estadal De Comercialización
GERENCIA ESTADAL DE COMUNICACION Y RELACIONES PUBLICAS SEDE CUMANA,Gerencia Estadal De Comunicacion Y Relaciones Publicas Sede Cumana
GERENCIA ESTADAL DE CONTROL DE EMERGENCIA INDUSTIAL CARIACO-CASANAY,Gerencia Estadal De Control De Emergencia Industial Cariaco-Casanay
GERENCIA ESTADAL DE CONTROL DE EMERGENCIA INDUSTIAL CUMANA,Gerencia Estadal De Control De Emergencia Industial Cumana
GERENCIA ESTADAL DE CONTROL DE EMERGENCIA INDUSTIAL SEDE CUMANA,Gerencia Estadal De Control De Emergencia Industial Sede Cumana
GERENCIA ESTADAL DE CONTROL DE EMERGENCIAS INDUSTRIALES,Gerencia Estadal De Control De Emergencias Industriales
GERENCIA ESTADAL DE DESARROLLO SOCIAL SEDE CUMANA,Gerencia Estadal De Desarrollo Social Sede Cumana
GERENCIA ESTADAL DE DISTRIBUCION,Gerencia Estadal De Distribucion
GERENCIA ESTADAL DE DISTRIBUCION CARIACO,Gerencia Estadal De Distribucion Cariaco
GERENCIA ESTADAL DE DISTRIBUCION CARIACO-CASANAY,Gerencia Estadal De Distribucion Cariaco-Casanay
GERENCIA ESTADAL DE DISTRIBUCION CARUPANO,Gerencia Estadal De Distribucion Carupano
GERENCIA ESTADAL DE DISTRIBUCION CASANAY,Gerencia Estadal De Distribucion Casanay
GERENCIA ESTADAL DE DISTRIBUCION CUMANACOA,Gerencia Estadal De Distribucion Cumanacoa
GERENCIA ESTADAL DE DISTRIBUCION GUIRIA,Gerencia Estadal De Distribucion Guiria
GERENCIA ESTADAL DE DISTRIBUCION IRAPA,Gerencia Estadal De Distribucion Irapa
GERENCIA ESTADAL DE DISTRIBUCION MARIGUITAR,Gerencia Estadal De Distribucion Mariguitar
GERENCIA ESTADAL DE DISTRIBUCION PILAR,Gerencia Estadal De Distribucion Pilar
GERENCIA ESTADAL DE DISTRIBUCION RIO CARIBE,Gerencia Estadal De Distribucion Rio Caribe
GERENCIA ESTADAL DE DISTRIBUCION SANTA FE,Gerencia Estadal De Distribucion Santa Fe
GERENCIA ESTADAL DE DISTRIBUCION SEDE CUMANA,Gerencia Estadal De Distribucion Sede Cumana
GERENCIA ESTADAL DE DISTRIBUCION SUB. CANCHUCHU,Gerencia Estadal De Distribucion Sub. Canchuchu
GERENCIA ESTADAL DE DISTRIBUCION YAGUARAPARO,Gerencia Estadal De Distribucion Yaguaraparo
GERENCIA ESTADAL DE FINANZAS,Gerencia Estadal De Finanzas
GERENCIA ESTADAL DE FISCALIZACION,Gerencia Estadal De Fiscalizacion
GERENCIA ESTADAL DE FONDO AUTO ADMINISTRADO DE SALUD FASMEE,Gerencia Estadal De Fondo Auto Administrado De Salud Fasmee
GERENCIA ESTADAL DE FONDO AUTO ADMINISTRADO DE SALUD FASMEE SEDE CUMANA,Gerencia Estadal De Fondo Auto Administrado De Salud Fasmee Sede Cumana
GERENCIA ESTADAL DE FUENTES ALTERNAS Y USO RACIONAL DE LA ENERGIA,Gerencia Estadal De Fuentes Alternas Y Uso Racional De La Energia
GERENCIA ESTADAL DE FUENTES ALTERNAS Y USO RACIONAL DE LA ENERGIA SEDE CUMANA,Gerencia Estadal De Fuentes Alternas Y Uso Racional De La Energia Sede Cumana
GERENCIA ESTADAL DE FUENTES ALTERNAS Y USO RACIONAL EFICIENTE DE LA ENERGIA,Gerencia Estadal De Fuentes Alternas Y Uso Racional Eficiente De La Energia
GERENCIA ESTADAL DE GENERACION PLANTA TERMOELECTRICA,Gerencia Estadal De Generacion Planta Termoelectrica
GERENCIA ESTADAL DE GENERACION SEDE CUMANA,Gerencia Estadal De Generacion Sede Cumana
GERENCIA ESTADAL DE PREVENCION Y PROTECCION,Gerencia Estadal De Prevencion Y Proteccion
GERENCIA ESTADAL DE PREVENCION Y PROTECCION SEDE CUMANA,Gerencia Estadal De Prevencion Y Proteccion Sede Cumana
GERENCIA ESTADAL DE PREVENCIÓN Y PROTECCIÓN,Gerencia Estadal De Prevención Y Protección
GERENCIA ESTADAL DE PROCURA,Gerencia Estadal De Procura
GERENCIA ESTADAL DE PROCURA SEDE CUMANA,Gerencia Estadal De Procura Sede Cumana
GERENCIA ESTADAL DE PROGRAMACION Y CONTROL DE VEGETACION,Gerencia Estadal De Programacion Y Control De Vegetacion
GERENCIA ESTADAL DE PROGRAMACION Y CONTROL DE VEGETACION CARIACO-CASANAY,Gerencia Estadal De Programacion Y Control De Vegetacion Cariaco-Casanay
GERENCIA ESTADAL DE PROGRAMACION Y CONTROL DE VEGETACION SEDE CUMANA,Gerencia Estadal De Programacion Y Control De Vegetacion Sede Cumana
GERENCIA ESTADAL DE TALENTO HUMANO SEDE CUMANA,Gerencia Estadal De Talento Humano Sede Cumana
GERENCIA ESTADAL DE TELECOMUNICACIONES E INFORMATICA,Gerencia Estadal De Telecomunicaciones E Informatica
GERENCIA ESTADAL DE TELECOMUNICACIONES E INFORMATICA SEDE CUMANA,Gerencia Estadal De Telecomunicaciones E Informatica Sede Cumana
GERENCIA ESTADAL DE TRANSMISION,Gerencia Estadal De Transmision
GERENCIA ESTADAL DE TRANSMISION SEDE CUMANA,Gerencia Estadal De Transmision Sede Cumana
GERENCIA ESTADAL PROGRAMACION Y CONTROL DE LA VEGETACION,Gerencia Estadal Programacion Y Control De La Vegetacion
GERENCIA ESTADAL TERRITORIAL,Gerencia Estadal Territorial
GERENCIA ESTADAL TRANSMISION,Gerencia Estadal Transmision
GERENCIA ESTADAL U.R.E.E.,Gerencia Estadal U.R.E.E.
GERENCIA ESTADAL U.R.E.E. SEDE CUMANA,Gerencia Estadal U.R.E.E. Sede Cumana
GERENCIA FISCALIZACION,Gerencia Fiscalizacion
GERENCIA GENERAL DE CONTROL DE EMERGENCIA INDUSTRIALES BCEI,Gerencia General De Control De Emergencia Industriales Bcei
GERENCIA GENERAL DE PROGRAMACION Y CONTROL DE VEGETACION,Gerencia General De Programacion Y Control De Vegetacion
GERENCIA GESTION COMERCIAL,Gerencia Gestion Comercial
GERENCIA PREVENCION Y PROTECCION,Gerencia Prevencion Y Proteccion
GERENCIA PROCURA,Gerencia Procura
GERENCIA PROGRAMACION Y CONTROL DE LA VEGETACION,Gerencia Programacion Y Control De La Vegetacion
GERENCIA REGIONAL DE COMUNICACIONES Y RELACIONES PUBLICAS,Gerencia Regional De Comunicaciones Y Relaciones Publicas
GERENCIA REGIONAL DE PROYECTO MAYORES LOS LLANOS,Gerencia Regional De Proyecto Mayores Los Llanos
GERENCIA REGIONAL DE PROYECTOS ESPECIALES DEL SEN,Gerencia Regional De Proyectos Especiales Del Sen
GERENCIA REGIONAL DIV. GENERACION LOS LLANOS,Gerencia Regional Div. Generacion Los Llanos
GERENCIA REGIONAL GENERACION HIDROELECTRICA,Gerencia Regional Generacion Hidroelectrica
"GERENCIA REGIONAL LOS LLANOS/SUPERVISION ESTADAL DEL ESTADO APURE, DE COMUNICACIONES Y RELACIONES PUBLICAS","Gerencia Regional Los Llanos/Supervision Estadal Del Estado Apure, De Comunicaciones Y Relaciones Publicas"
GERENCIA TERRITORIAL,Gerencia Territorial
GERENCIA TERRITORIAL SEDE CUMANA,Gerencia Territorial Sede Cumana
GERENCIA TERRITOROAL APURE,Gerencia Territoroal Apure
GERENCIA TRANSMISION,Gerencia Transmision
GERENCIAESTADAL DE COMERCIALIZACION,Gerenciaestadal De Comercializacion
GERENCIAESTADAL DE COMERCIALIZACION CUMANA,Gerenciaestadal De Comercializacion Cumana
GERENCIAESTADAL DE COMERCIALIZACION SEDE CUMANA,Gerenciaestadal De Comercializacion Sede Cumana
GESTION DE ENERGIA,Gestion De Energia
GLOBAL SERVI J C.A,Global Servi J C.A
"GLOBAL SERVI J. CA; CON RIF J-50320749-3, UBICADA EN AV. NUEVA ESPARTA, SECTOR VENECIA, BARCELONA EDO. ANZOATEGUI","Global Servi J. Ca; Con Rif J-50320749-3, Ubicada En Av. Nueva Esparta, Sector Venecia, Barcelona Edo. Anzoategui"
GOBERNACION DEL ESTADO CARABOBO,Gobernacion Del Estado Carabobo
GUACARA - SAN JOAQUIN - MARIARA,Guacara - San Joaquin - Mariara
GUAJIRA,Guajira
GUANAPE,Guanape
GUARENAS,Guarenas
GUARICO,Guarico
GUASDUALITO,Guasdualito
GUASIPATI,Guasipati
GUAYANA A,Guayana A
GURI,Guri
Gabaldon,Gabaldon
Guri,Guri
HURTADO,Hurtado
INFRAESTRUCTURA,Infraestructura
INFRAESTRUCTURA LHF,Infraestructura Lhf
ISLA,Isla
JEFATURA DE LINEAS BARINITAS,Jefatura De Lineas Barinitas
JEFATURA DE LINEAS STA BARBARA,Jefatura De Lineas Sta Barbara
JIM TAIRE,Jim Taire
JIM TAIRE 30000,Jim Taire 30000
"JIM TIRES C.A, UBICADO EN PALO VERDE, EDO MIRANDA|","Jim Tires C.A, Ubicado En Palo Verde, Edo Miranda|"
JUNIN-DELICIAS,Junin-Delicias
JUSEPIN,Jusepin
LA FRIA,La Fria
LA GRITA,La Grita
LA GUAIRA,La Guaira
LA MARIPOSA,La Mariposa
LA PEDRERA,La Pedrera
LA TENDIDA,La Tendida
LA VELA,La Vela
LA VICTORIA,La Victoria
LA VILLA,La Villa
LA YAGUARA,La Yaguara
LAGUNILLAS,Lagunillas
LAS CLARITAS,Las Claritas
LAS MERCEDES,Las Mercedes
LHF,Lhf
LIBERTADOR,Libertador
LINEAS MIRIMIRE,Lineas Mirimire
LINEAS PUEBLO NUEVO,Lineas Pueblo Nuevo
LOS GUAYOS,Los Guayos
LOS LLANOS,Los Llanos
LOS TAQUES,Los Taques
LUEPA SANTA ELENA,Luepa Santa Elena
Lh,Lh
Lhf,Lhf
MACAGUA,Macagua
MACAGUA ALMACEN 8,Macagua Almacen 8
MACAGUA CAMPENON,Macagua Campenon
MACAGUA CASA N.º 22,Macagua Casa N.º 22
MACAGUA PATIO 400,Macagua Patio 400
MACHIQUES,Machiques
MALENA,Malena
MANTENIMIENTO ACHAGUAS,Mantenimiento Achaguas
MANTENIMIENTO BIRUACA,Mantenimiento Biruaca
MANTENIMIENTO BRUZUAL,Mantenimiento Bruzual
MANTENIMIENTO EL NULA,Mantenimiento El Nula
MANTENIMIENTO ELORZA,Mantenimiento Elorza
MANTENIMIENTO ESPECIALIZADO,Mantenimiento Especializado
MANTENIMIENTO ESPECIALIZADO SAN FERNANDO,Mantenimiento Especializado San Fernando
MANTENIMIENTO ESPECILIZADO,Mantenimiento Especilizado
MANTENIMIENTO GUASDUALITO,Mantenimiento Guasdualito
MANTENIMIENTO NULA,Mantenimiento Nula
MANTENIMIENTO PEDRO CAMEJO,Mantenimiento Pedro Camejo
MANTENIMIENTO SAN FERNANDO,Mantenimiento San Fernando
MARACAIBO,Maracaibo
MARACAIBO (CAUJARITO),Maracaibo (Caujarito)
MARACAIBO (COTA),Maracaibo (Cota)
MARACAIBO (PRL),Maracaibo (Prl)
MARIÑ0,Mariñ0
MARIÑO,Mariño
MARTINUS MOLDER,Martinus Molder
MENE GRANDE,Mene Grande
MERIDA Z0NA INDUSTRIAL L0S CUR0S,Merida Z0Na Industrial L0S Cur0S
MERIDA ZONA INDUSTRIAL LOS CUROS,Merida Zona Industrial Los Curos
MEZANNOTE,Mezannote
MIISTERIO,Miisterio
MINISTERIO,Ministerio
MINISTTERIO,Ministterio
MINSITERIO,Minsiterio
MIRANDA,Miranda
MODULO CASACOIMA CORPORACION TUCUPITA DELTA AMACURO,Modulo Casacoima Tucupita Delta Amacuro
MODULO DE OFICINA COMERCIAL TUCUPITA,Modulo De Oficina Comercial Tucupita
MOJAN,Mojan
MONAY,Monay
MONTANO (SANTA PAULA),Montano (Santa Paula)
MONTEZUMA,Montezuma
MONTEZUMA / SERLINE,Montezuma / Serline
MPPEE / SAN BERBARDINO,Mppee / San Berbardino
MTTO AVERIA,Mtto Averia
MTTO ESPECIALIZADO,Mtto Especializado
MULTISERVICIOS PALO NEGRO,Multiservicios Palo Negro
MUNICIPIO BOLIVAR,Municipio Bolivar
MUNICIPIO CARIPE,Municipio Caripe
MUNICIPIO RIVERO,Municipio Rivero
Ministerio,Ministerio
N/A,N/A
NIRGUA,Nirgua
NUEVA SEGOVIA,Nueva Segovia
Nueva Segovia,Nueva Segovia
OCUMARE,Ocumare
OCUMARE DE LA COSTA,Ocumare De La Costa
OFI.CANAGUA,Ofi.Canagua
OFIC BARRANCAS,Ofic Barrancas
OFIC. DTTO. EL VIGIA,Ofic. Dtto. El Vigia
OFICINA  DABAJURO,Oficina  Dabajuro
OFICINA  MENE MAUROA,Oficina  Mene Mauroa
OFICINA  SAN LUIS,Oficina  San Luis
OFICINA  URUMACO,Oficina  Urumaco
OFICINA BOCONOITO,Oficina Boconoito
OFICINA CANAGUA,Oficina Canagua
OFICINA COMERCIAL BOCONOITO,Oficina Comercial Boconoito
OFICINA COMERCIAL PUNTO FIJO,Oficina Comercial Punto Fijo
OFICINA COMERCIAL SAN RAFAEL DE ONOTO,Oficina Comercial San Rafael De Onoto
OFICINA COMERCIAL TUREN,Oficina Comercial Turen
OFICINA CORO,Oficina Coro
OFICINA MENE MAUROA,Oficina Mene Mauroa
OFICINA MIRIMIRE,Oficina Mirimire
OFICINA PUEBLO NUEVO,Oficina Pueblo Nuevo
OFICINA PUNTO FIJO,Oficina Punto Fijo
OFICINA SANTA CRUZ,Oficina Santa Cruz
OFICINA TUCACAS,Oficina Tucacas
OLIMPUS,Olimpus
OLYMPUS,Olympus
OPERATIVOCOMERCIAL,Operativocomercial
PALAVECINO,Palavecino
PALMARITO,Palmarito
PAMPAN,Pampan
PARQUE EOLICO,Parque Eolico
PARQUE EOLICO PARAGUANA,Parque Eolico Paraguana
PATIO 400,Patio 400
PATIO 4000,Patio 4000
PATIO 765 GURI,Patio 765 Guri
PATIO 765 KVA GURI,Patio 765 Kva Guri
PATIO CAMPENON MACAGUA,Patio Campenon Macagua
PATIO SERVICIOS GENERALES,Patio Servicios Generales
PIÑAL-PEDRERA,Piñal-Pedrera
PLANATA II-III,Planata Ii-Iii
PLANIF. Y OBRAS,Planif. Y Obras
PLANTA  CORO,Planta  Coro
PLANTA  PUNTO FIJO,Planta  Punto Fijo
PLANTA ALFREDO SALAZAR,Planta Alfredo Salazar
PLANTA CARUACHI,Planta Caruachi
PLANTA CENTRO,Planta Centro
PLANTA CORO - GENERACION,Planta Coro - Generacion
PLANTA DE RECUPERACION DE TRANSFORMADORES,Planta De Recuperacion De Transformadores
PLANTA DE RECUPERACIÓN DE TRANSFORMADORES,Planta De Recuperación De Transformadores
PLANTA DE RECUPERACIÓN DE TRANSFORMADORES LA MARIPOSA,Planta De Recuperación De Transformadores La Mariposa
PLANTA GUANAPA,Planta Guanapa
PLANTA GUANTA,Planta Guanta
PLANTA GURI,Planta Guri
PLANTA II,Planta Ii
PLANTA II DE LARA,Planta Ii De Lara
PLANTA II-III,Planta Ii-Iii
PLANTA INDIA URQUIA,Planta India Urquia
PLANTA JOSE MARIA ESPAÑA,Planta Jose Maria España
PLANTA JOSEFA CAMEJO,Planta Josefa Camejo
PLANTA LA MARIPOSA,Planta La Mariposa
PLANTA LA RAISA,Planta La Raisa
PLANTA MASPARRO,Planta Masparro
PLANTA PAEZ,Planta Paez
PLANTA PEÑA LARGA,Planta Peña Larga
PLANTA SIDOR,Planta Sidor
PLANTA TACHIRA,Planta Tachira
PLANTA TACHRA,Planta Tachra
PLANTA TERMO ZULIA,Planta Termo Zulia
PLANTA TERMOBARRANCAS,Planta Termobarrancas
PLANTA TERMOELECTRICA .P.I.U,Planta Termoelectrica .P.I.U
PLANTA TERMOELECTRICA BATALLA DE SANTA INES,Planta Termoelectrica Batalla De Santa Ines
PLANTA TERMOELECTRICA LA QUIZANDA,Planta Termoelectrica La Quizanda
PLATA II,Plata Ii
POBLACIÓN DE EL CALLAO,Población De El Callao
POR UBICAR,Por Ubicar
PREGONERO,Pregonero
PREGONERO-SAN AGATON,Pregonero-San Agaton
PROCURA,Procura
PROCURA ALMACEN LHF,Procura Almacen Lhf
PROYECTOS MAYORES,Proyectos Mayores
PTO LA CRUZ EDIF CHINCHON,Pto La Cruz Edif Chinchon
PUENTE REAL,Puente Real
PUERTO CABELLO,Puerto Cabello
PUERTO ORDAZ,Puerto Ordaz
PUNTA DE MATA,Punta De Mata
PUNTA DE MATA/ MUNICIPIO ZAMORA,Punta De Mata/ Municipio Zamora
Planta don Luis Zambrano km17 vigia estado merida,Planta Don Luis Zambrano Km17 Vigia Estado Merida
PÁMPAN,Pámpan
QUIBOR,Quibor
Quibor-Tocuyo,Quibor-Tocuyo
RED TRONCAL,Red Troncal
REIBUCADO LA GUAIRA,Reibucado La Guaira
REPARACION TALLER AUTOMOTRICES ST24.CA,Reparacion Taller Automotrices St24.Ca
REPARADO EN PRUEBAS. TALLERES DE LA ALCALDIA DE PAEZ. G-200027304. ACARIGUA ESTADO PORTUGUESA.,Reparado En Pruebas. Talleres De La Alcaldia De Paez. G-200027304. Acarigua Estado Portuguesa.
ROBADO,Robado
RUBIO,Rubio
RUBIO-DELICIAS,Rubio-Delicias
S.E MORROPO,S.E Morropo
S.I. CUMANA,S.I. Cumana
S/E ARENOSA 765,S. E. Arenosa 765
S/E BOLIVAR LA CANDELARIA,S. E. Bolivar La Candelaria
S/E CALLAO,S. E. Callao
S/E CANOA,S. E. Canoa
S/E CASANAY,S. E. Casanay
S/E CAÑAFISTOLA,S. E. Cañafistola
S/E EL B0SQUE EL VIGIA,S. E. El Bosque El Vigía
S/E EL BOSQUE,S. E. El Bosque
S/E EL BOSQUE EL VIGIA,S. E. El Bosque El Vigía
S/E EL CALLAO,S. E. El Callao
S/E EL FURRIAL,S. E. El Furrial
S/E EL INDIO,S. E. El Indio
S/E EL TIGRE,S. E. El Tigre
S/E GUAYANA A,S. E. Guayana A
S/E GUAYANA A Y B,S. E. Guayana A Y B
S/E GUAYANA A-B,S. E. Guayana A-B
S/E GUAYANA AB,S. E. Guayana Ab
S/E GUAYANA B,S. E. Guayana B
S/E HORQUETA,S. E. Horqueta
S/E LA CANDELARIA BOLIVAR,S. E. La Candelaria Bolivar
S/E LA CANOA,S. E. La Canoa
S/E LAS CLARITAS,S. E. Las Claritas
S/E MALENA,S. E. Malena
S/E SAN CRISTOBAL I OFICINA PRINCIPAL,S. E. San Cristobal I Oficina Principal
S/E SAN FELIPE,S. E. San Felipe
S/E SAN FELIPE 2,S. E. San Felipe 2
S/E SAN FELIX,S. E. San Felix
S/E SANTA ELENA DE UAIREN,S. E. Santa Elena De Uairen
S/E SANTA TERESA III,S. E. Santa Teresa Iii
S/E San Ignaci0,S. E. San Ignaci0
S/E UNARE,S. E. Unare
S/E. CANOA,S. E.. Canoa
S/E. TIGRE I,S. E.. Tigre I
S/MALENA,S/Malena
S/N,S/N
S/S,S/S
SABANA DE MENDOZA,Sabana De Mendoza
SABANA DE MENDOZA OJO,Sabana De Mendoza Ojo
SAG EDIFICIO ZONA 7,Sag Edificio Zona 7
SALA DE CONTROL SANTA ROSA,Sala De Control Santa Rosa
SAN ANTONIO,San Antonio
SAN ANTONIO-UREÑA,San Antonio-Ureña
SAN BERNARDINO,San Bernardino
SAN CARLOS,San Carlos
SAN CRISTOBAL,San Cristobal
SAN CRISTOBAL I,San Cristobal I
SAN CRISTOBAL III,San Cristobal Iii
SAN DIEGO - LOS GUAYOS,San Diego - Los Guayos
SAN FELIPE,San Felipe
SAN FERNANDO,San Fernando
SAN FERNANDO APURE,San Fernando Apure
SAN FERNANDO DE,San Fernando De
SAN FERNANDO DE APURE,San Fernando De Apure
SAN FRANCISCO,San Francisco
SAN FRANCISCO (TERMOZULIA),San Francisco (Termozulia)
SAN FRANCISCO DE LA PARAGUA,San Francisco De La Paragua
SAN GERONIMO,San Geronimo
SAN IGNACIO DE YURUANI,San Ignacio De Yuruani
SAN JUAN DE LOS MORROS,San Juan De Los Morros
SAN LORENZO,San Lorenzo
SAN RAFAEL DE ATABAPO.,San Rafael De Atabapo.
SAN SEBASTIAN,San Sebastian
SANTA ANA,Santa Ana
SANTA BARBARA,Santa Barbara
SANTA ELELNA DE ARENALES N0. 338,Santa Elelna De Arenales N0. 338
SANTA ELELNA DE ARENALES NO. 3-38,Santa Elelna De Arenales No. 3-38
SANTA ELENA,Santa Elena
SANTA ELENA DE ARENALES,Santa Elena De Arenales
SANTA ELENA DE UAIREN,Santa Elena De Uairen
SANTA RITA,Santa Rita
SANTA ROSA,Santa Rosa
SANTA TERESA,Santa Teresa
SANTA TERESA III,Santa Teresa Iii
SANTO DOMINGO,Santo Domingo
SARRIA,Sarria
SE ARICAGUA,Se Aricagua
SE ENCUENTRA EN CARACAS,Se Encuentra En Caracas
SE MORROPO,Se Morropo
SECT0R SANTA BARBARA AV. LAS AMERICAS,Sect0R Santa Barbara Av. Las Americas
SECTOR SANTA BARBARA AV LAS AMERICAS,Sector Santa Barbara Av Las Americas
SECTOR SANTA BARBARA AV. LAS AMERICAS,Sector Santa Barbara Av. Las Americas
SEDE,Sede
SEDE ANTIGUA ELEBOL CDAD BOLIVAR,Sede Antigua Elebol Cdad Bolivar
SEDE AVDA. LAS AMERICAS,Sede Avda. Las Americas
SEDE CARORA,Sede Carora
SEDE CIUDAD BOLIVAR,Sede Ciudad Bolivar
SEDE CUBANA,Sede Cubana
SEDE FUNSASEN EN MAMPOTE,Sede Funsasen En Mampote
SEDE OPERATIVA DE CORPORACION,Sede Operativa De La Corporacion
SEDE OPERATIVA DE CORPORACION LA PLANTA,Sede Operativa La Planta
SEDE OPERATIVA LA PLANTA,Sede Operativa La Planta
SEDE PLANTA VIEJA CIUDAD BOLÍVAR,Sede Planta Vieja Ciudad Bolívar
SEDE S/E CARDENERA,Sede S. E. Cardenera
SEDE TALLER MECANICO SIMON RODRÍGUEZ ANZOATEGUI,Sede Taller Mecanico Simon Rodríguez Anzoategui
SEDE TRANSMISION,Sede Transmision
SERLINE,Serline
SERLINE / MONTEZUMA,Serline / Montezuma
SERVICIO GENERALES,Servicio Generales
"SERVICIO INTEGRALES RE, C.A.","Servicio Integrales Re, C.A."
SERVICIOS DE TRANSPORTE,Servicios De Transporte
SERVICIOS GENERALES,Servicios Generales
SERVICIOS INTEGRALES (BARQUISIMETO),Servicios Integrales (Barquisimeto)
SERVS DE TRANSPORTE,Servs De Transporte
SERVS. DE TRANSPORTE,Servs. De Transporte
SUB ESTACION MALENA,Sub Estacion Malena
SUB ESTACION SAN IGNACIO,Sub Estacion San Ignacio
SUB ESTACION TUCUPITA DELTA AMACURO,Sub Estacion Tucupita Delta Amacuro
SUB ESTACION VALERA I,Sub Estacion Valera I
SUB ESTACION VIGIA I,Sub Estacion Vigia I
SUB ESTACIONES,Sub Estaciones
SUB ESTACIÓN VIGIA I,Sub Estación Vigia I
SUB-ESTACION CHIVACOA,Sub-Estacion Chivacoa
SUB-ESTACION GUAYANA B,Sub-Estacion Guayana B
SUB-ESTACION MALENA/CAICARA,Sub-Estacion Malena/Caicara
SUB-ESTACION UNARE,Sub-Estacion Unare
"SUB-ESTACION YARACUY 765/400/230 ""LAS VELAS""","Sub-Estacion Yaracuy 765/400/230 ""Las Velas"""
SUB-ESTACIÒN MALENA,Sub-Estaciòn Malena
"SUB. EST, EL TIGRE","Sub. Est, El Tigre"
SUBESTACION EL FURRIAL,Subestacion El Furrial
SUBESTACION EL INDIO,Subestacion El Indio
SUBESTACION FARALLONES,Subestacion Farallones
SUBESTACION LA ARENOSA,Subestacion La Arenosa
SUBESTACION MALENA,Subestacion Malena
SUBESTACION PALITAL,Subestacion Palital
SUBESTACION PUEBLO NUEVO,Subestacion Pueblo Nuevo
SUBESTACION URUMACO,Subestacion Urumaco
SUBESTACION YARACUY,Subestacion Yaracuy
SUBESTACIÓN PATIO 400 MACAGUA,Subestación Patio 400 Macagua
SUBESTACIÓN SANTA ELENA,Subestación Santa Elena
SUCRE,Sucre
SUR AMERICA C.A,Sur America C.A
Santa rosa,Santa Rosa
Sede,Sede
Servicios generales,Servicios Generales
T. CUMANA,T. Cumana
T.S.CUMANA,T.S.Cumana
T0VAR CARRERA 3 C0N AV. CRIST0BAL,T0Var Carrera 3 C0N Av. Crist0Bal
TABLAZO,Tablazo
TACHIRA,Tachira
TACHIRA -TRUJILLO-VALERA,Tachira -Trujillo-Valera
TACOA,Tacoa
TALER ELECTRA,Taler Electra
TALLER,Taller
TALLER   K&JD,Taller   K&Jd
"TALLER  DISTRIBUIDORA  FAGC, UBICADO VALENCIA EDO CARABOBO","Taller  Distribuidora  Fagc, Ubicado Valencia Edo Carabobo"
"TALLER  MARACAY , AVENIDAD CUATICENTENARIA BARINAS","Taller  Maracay , Avenidad Cuaticentenaria Barinas"
"TALLER  RICARDO GAINZA, UBICADO  BARRIO MIJAGUA, CALLE 1 SECTOR SANTA ROSA CON AV. FLORES","Taller  Ricardo Gainza, Ubicado  Barrio Mijagua, Calle 1 Sector Santa Rosa Con Av. Flores"
"TALLER  RICHAR MENDEZ, UBICADO  BARINAS SECTOR PACHECO MALDONADO AV PRINCIPAL","Taller  Richar Mendez, Ubicado  Barinas Sector Pacheco Maldonado Av Principal"
TALLER  SERVI - HOGAR BARINAS,Taller  Servi - Hogar Barinas
TALLER ALFAMAT,Taller Alfamat
TALLER ANIBAL MOTOR,Taller Anibal Motor
TALLER ASOCIACIÓN COOPERATIVA TRANS-SERVICIOS DAS AL LADO DE URB. VILLA OLÍMPICA ESTADO YARACUY.,Taller Asociación Cooperativa Trans-Servicios Das Al Lado De Urb. Villa Olímpica Estado Yaracuy.
TALLER AUTO ACCESORIO DR,Taller Auto Accesorio Dr
TALLER BELLO MONTE,Taller Bello Monte
TALLER BUENA VISTA,Taller Buena Vista
TALLER CENTRAL BARQUISIMETO,Taller Central Barquisimeto
TALLER CHARALLAVE,Taller Charallave
TALLER CONVENTO,Taller Convento
TALLER CORPORACION C/S CHACAO (CCS),Taller C/S Chacao (Ccs)
TALLER DE CORPORACION,Taller De La Corporacion
TALLER DE LA GOBERNACION DEL ESTADO APURE,Taller De La Gobernacion Del Estado Apure
"TALLER DE LOS MALABARES - ARAURE, RESPONSABLE ING JAIRO CASTILLO",Taller De Los Malabares - Araure
TALLER DH,Taller Dh
"TALLER DISTRIBUIDORA  FAGC , VALENCIA EDO CARABOBO","Taller Distribuidora  Fagc , Valencia Edo Carabobo"
TALLER DISTRIBUIDORA FAGC,Taller Distribuidora Fagc
TALLER DISTRIBUIDORA FAGC (VALENCIA),Taller Distribuidora Fagc (Valencia)
TALLER DISTRIBUIDORA HL,Taller Distribuidora Hl
TALLER ELECTRA,Taller Electra
"TALLER ELECTRA REPRESENTACIONES Y CONSTRUCCIONES, C. A","Taller Electra Representaciones Y Construcciones, C. A"
TALLER EXTERNO,Taller Externo
"TALLER EXTERNO COMERCIALIZADORA 4227, C.A. J- 299926230. BARQUISIMETO ESTADO LARA.","Taller Externo Comercializadora 4227, C.A. J- 299926230. Barquisimeto Estado Lara."
TALLER EXTERNO COQUIVACOA,Taller Externo Coquivacoa
TALLER EXTERNO DE COMERCIALIZACIÓN,Taller Externo De Comercialización
TALLER EXTERNO DISTRIBUIDORA FAGC (VALENCIA),Taller Externo Distribuidora Fagc (Valencia)
TALLER EXTERNO DISTRIBUIDORA HL,Taller Externo Distribuidora Hl
TALLER EXTERNO DISTRIBUIDORA HL.,Taller Externo Distribuidora Hl.
"TALLER EXTERNO ESP COOPTRATUCOL, R. S","Taller Externo Esp Cooptratucol, R. S"
"TALLER EXTERNO HIDRAULIC TEAM, C. A","Taller Externo Hidraulic Team, C. A"
TALLER EXTERNO HL,Taller Externo Hl
TALLER EXTERNO JIM TIRE,Taller Externo Jim Tire
TALLER EXTERNO MULTI SERVICIOS DAHERBA 76 C.A,Taller Externo Multi Servicios Daherba 76 C.A
TALLER EXTERNO MULTISERVICIOS DAHERBA76 C.A,Taller Externo Multiservicios Daherba76 C.A
TALLER EXTERNO MULTISERVICIOS PALO NEGRO,Taller Externo Multiservicios Palo Negro
TALLER EXTERNO MULTIU SERVICIOS DAHERBA 76 C.A,Taller Externo Multiu Servicios Daherba 76 C.A
TALLER EXTERNO OLYMPUS,Taller Externo Olympus
TALLER EXTERNO SERVICIOS INTEGRALES RE J-299926230. BARQUISIMETO ESTADO LARA.,Taller Externo Servicios Integrales Re J-299926230. Barquisimeto Estado Lara.
TALLER EXTERNO TECNOVIAL VALENCIA,Taller Externo Tecnovial Valencia
TALLER FLOTA,Taller Flota
TALLER GLOBAL SERVI J C.A,Taller Global Servi J C.A
TALLER GLOBAL SERVIC PUERTO LA CRUZ,Taller Global Servic Puerto La Cruz
TALLER GLOBAL SERVICE,Taller Global Service
"TALLER GRUPO DE EMPRESA ATEF NEMER , MUNICIPIO BARINAS  EDO BARINAS","Taller Grupo De Empresa Atef Nemer , Municipio Barinas  Edo Barinas"
TALLER GURI,Taller Guri
"TALLER HERNÁN IZARRA, BOCONOITO EDO PORTUGUESA","Taller Hernán Izarra, Boconoito Edo Portuguesa"
TALLER HL PUERTO LA CRUZ,Taller Hl Puerto La Cruz
TALLER INTERNO SANTA TERESA III,Taller Interno Santa Teresa Iii
TALLER JIM TIRE,Taller Jim Tire
TALLER JIM TIRES CA,Taller Jim Tires Ca
"TALLER JIM TIRES CA,  EDO MIRANDA","Taller Jim Tires Ca,  Edo Miranda"
TALLER K&JD,Taller K&Jd
TALLER LOS CORTIJOS,Taller Los Cortijos
"TALLER LUIS POLANCO , UBICADO  AV CODAZZI DETRAS DEL AEROPUERTO, MUNICIPIO BARINAS, EDO BARINAS","Taller Luis Polanco , Ubicado  Av Codazzi Detras Del Aeropuerto, Municipio Barinas, Edo Barinas"
TALLER MARACAY BARINAS,Taller Maracay Barinas
TALLER MARACAY BARINAS C.A.,Taller Maracay Barinas C.A.
"TALLER MARACAY, UBICADO EN LA AVENIDA  CUATRICENTENARIA , AL LADO DE FARMATODO , MUNICIPIO BARINAS, EDO BARINAS","Taller Maracay, Ubicado En La Avenida  Cuatricentenaria , Al Lado De Farmatodo , Municipio Barinas, Edo Barinas"
TALLER MARTÍNEZ FULLSERVICE,Taller Martínez Fullservice
TALLER MECANICO EL COCO,Taller Mecanico El Coco
TALLER MECANICO FERMIN,Taller Mecanico Fermin
TALLER MECANICO GURI,Taller Mecanico Guri
TALLER MECANICO SIMON R,Taller Mecanico Simon R
TALLER MECÁNICO GURI,Taller Mecánico Guri
TALLER MECÁNICO MACAGUA,Taller Mecánico Macagua
"TALLER MONTANA, CARACAS","Taller Montana, Caracas"
TALLER MULTISERVCIOS PALO NEGRO,Taller Multiservcios Palo Negro
TALLER MULTISERVICIOS PALO NEGRO,Taller Multiservicios Palo Negro
TALLER MULTISERVICIOS RNB,Taller Multiservicios Rnb
TALLER OLYMPUS,Taller Olympus
TALLER QUINTA CRESPO,Taller Quinta Crespo
TALLER SAFE BLINDAJES CA,Taller Safe Blindajes Ca
TALLER SERLINE,Taller Serline
TALLER SERVI-HOGAR BARINAS,Taller Servi-Hogar Barinas
TALLER SERVICIOS GENERALES,Taller Servicios Generales
TALLER TRANSPORTE Y MATERIALES OLIMPUS ZYE,Taller Transporte Y Materiales Olimpus Zye
"TALLER TRNASPORTES Y MATERIALES OLIMPUS ZYE, C.A.","Taller Trnasportes Y Materiales Olimpus Zye, C.A."
"TALLER Y SUMINISTROS REYES,C.A","Taller Y Suministros Reyes,C.A"
TALLERES DE LA ALCALDIA DE PAEZ. G-200027304. ACARIGUA ESTADO PORTUGUESA.,Talleres De La Alcaldia De Paez. G-200027304. Acarigua Estado Portuguesa.
TECNOVIAL ( SAN DIEGO-ESO CARABOBO),Tecnovial ( San Diego-Eso Carabobo)
TEJERIAS,Tejerias
TEMBLADOR,Temblador
TERMOZULIA,Termozulia
TIMOTES,Timotes
TOCOMA,Tocoma
TORRE 4 / CARABOBO,Torre 4 / Carabobo
TORRE EL  MARQUES,Torre El  Marques
TORRE EL MARQUES,Torre El Marques
TORRE EL MARQUÉS,Torre El Marqués
TORRE GENERAL,Torre General
TORRE LAS MERCEDES,Torre Las Mercedes
TORRE OLYMPIA,Torre Olympia
TORRE SAN BERNARDINO,Torre San Bernardino
TOVAR,Tovar
TOVAR CARRERA 3 CON AV CRISTOBAL,Tovar Carrera 3 Con Av Cristobal
TOVAR CARRERA 3 CON AV. CRISTOBAL,Tovar Carrera 3 Con Av. Cristobal
TRANSMISION,Transmision
TRASPORTE,Trasporte
TRUJILLO,Trujillo
TUCUPIDO,Tucupido
TUMERO,Tumero
TURBO GAS,Turbo Gas
TURMERO,Turmero
Taller Camachito Altagracia de Orituco Estado Guarico,Taller Camachito Altagracia De Orituco Estado Guarico
Taller Central San Juan de los Morros Estado Guarico,Taller Central San Juan De Los Morros Estado Guarico
Taller Global Servicio J Lechería Estado Anzoátegui,Taller Global Servicio J Lechería Estado Anzoátegui
Taller Multiservicios El Negro MSN San Juan de los Morros Estado Guarico,Taller Multiservicios El Negro Msn San Juan De Los Morros Estado Guarico
Taller Servicios Generales,Taller Servicios Generales
Taller Suramérica C.A Estado Anzoátegui,Taller Suramérica C.A Estado Anzoátegui
Taller Toyota E R.R.Q.F.P Calabozo Estado Guarico,Taller Toyota E R.R.Q.F.P Calabozo Estado Guarico
Taller de Flota Lara,Taller De Flota Lara
Taller de Servicios Integrales RE,Taller De Servicios Integrales Re
Turbo Gas,Turbo Gas
U.E. CUBA,U.E. Cuba
U.R.E.E. CUMANA,U.R.E.E. Cumana
UNARE,Unare
UNECUBA,Unecuba
"UNECUBA, SE ENCUNTRA  CIUDAD DE CARACAS","Unecuba, Se Encuntra  Ciudad De Caracas"
UNEXEE,Unexee
UPATA,Upata
URB BELEZANTE CALLE LA MATICA,Urb Belezante Calle La Matica
URB. BELEZANTE CALLE LA MATICA,Urb. Belezante Calle La Matica
URBANIZACION BELEZANTE CALLE LA MATICA,Urbanizacion Belezante Calle La Matica
URIBANTE CAPARO,Uribante Caparo
VALENCIA,Valencia
VALENCIA NORTE,Valencia Norte
VALENCIA SUR,Valencia Sur
VALERA,Valera
VALERA 1,Valera 1
VALERA-ZONAS FORANEAS,Valera-Zonas Foraneas
VALERA/ALMACEN,Valera/Almacen
VALLE DE LA PASCUA,Valle De La Pascua
VARGAS,Vargas
VEHICULO FUE DESINCORPORADO CON EL No. DE SUDEBIP 51,Vehiculo Fue Desincorporado Con El No. De Sudebip 51
VICT0RIA,Vict0Ria
Valle de la Pascua,Valle De La Pascua
Vargas,Vargas
WORKSHOP PARAGUANA (PUNTO FIJO),Workshop Paraguana (Punto Fijo)
YAGUARA,Yaguara
YARITAGUA,Yaritagua
YARITAGUA ZONA,Yaritagua Zona
ZARAZA,Zaraza
ZONA 7,Zona 7
ZONA FRANCA PUNTO FIJO,Zona Franca Punto Fijo
ZONA INDUSTRIAL LOS CUROS,Zona Industrial Los Curos
ZONA IV,Zona Iv
ZULIA,Zulia
Zona del Vigia KM 17,Zona Del Vigia Km 17
servicios generales,Servicios Generales
✅ TALLER EXTERNO DISTRIBUIDORA HL,✅ Taller Externo Distribuidora Hl
SEDE OPERATIVA DE CORPOELEC,Sede Operativa De La Corporacion
GALPON DE DISTRITO CORPOELEC TUCUPITA DELTA AMACURO,Galpon De Distrito Tucupita Delta Amacuro
EDIFICIO SEDE DE CORPOELEC,Edificio Sede De La Corporacion
SEDE OPERATIVA DE CORPOELEC LA PLANTA,Sede Operativa La Planta
TALLER DE CORPOELEC,Taller De La Corporacion
EDIFICIO DE SEDE DE COPOELEC,Edificio De Sede Corporativa
EDIFICIO SEDE CORPOELEC BARINAS,Edificio Sede Corporacion Barinas
MODULO CASACOIMA CORPOELEC TUCUPITA DELTA AMACURO,Modulo Casacoima Tucupita Delta Amacuro
TALLER CORPOELEC C/S CHACAO (CCS),Taller C/S Chacao (Ccs)

